<?xml version="1.0" encoding="UTF-8"?>
<project-private xmlns="http://www.netbeans.org/ns/project-private/1">
    <editor-bookmarks xmlns="http://www.netbeans.org/ns/editor-bookmarks/2" lastBookmarkId="0"/>
    <open-files xmlns="http://www.netbeans.org/ns/projectui-open-files/2">
        <group>
            <file>file:/C:/Users/kcorn/Desktop/Java.%20CSC%20239/testDie/src/DiceProject/TestDie.java</file>
            <file>file:/C:/Users/kcorn/Desktop/Java.%20CSC%20239/testDie/src/DiceProject/Die.java</file>
            <file>file:/C:/Users/kcorn/Desktop/Java.%20CSC%20239/testDie/src/DiceProject/Dice.java</file>
            <file>file:/C:/Users/kcorn/Desktop/Java.%20CSC%20239/testDie/src/DiceProject/Pair.java</file>
        </group>
    </open-files>
</project-private>
